Filename	RNA Type	Modality	Track Type	Description	Hub BigBed URL	Paper
polyA-RNA_hg38_Illumina.bed	polyA-RNA_hg38	Illumina	consensus	Illumina sequencing-based RNA modifications in human polyadenylated RNA, mapped to the hg38 reference genome.	https://raw.githubusercontent.com/baihesun/RNome_UCSC_hub/main/ucsc_hub/hg38_polyA-RNA/polyA-RNA_hg38_Illumina.bigBed	PLACEHOLDER_DOI
polyA-RNA_hg38_ONT.bed	polyA-RNA_hg38	ONT	consensus	Oxford Nanopore sequencing-based RNA modifications in human polyadenylated RNA, mapped to the hg38 reference genome.	https://raw.githubusercontent.com/baihesun/RNome_UCSC_hub/main/ucsc_hub/hg38_polyA-RNA/polyA-RNA_hg38_ONT.bigBed	PLACEHOLDER_DOI
polyA_m6A.bed	polyA-RNA_hg38	Illumina	experiment	Individual Illumina experiment — polyA-RNA_hg38 RNA modifications. (PLACEHOLDER)	https://raw.githubusercontent.com/baihesun/RNome_UCSC_hub/main/ucsc_hub/hg38_polyA-RNA/experiments_illumina/polyA_m6A.bigBed	PLACEHOLDER_DOI
polyA_m5C.bed	polyA-RNA_hg38	Illumina	experiment	Individual Illumina experiment — polyA-RNA_hg38 RNA modifications. (PLACEHOLDER)	https://raw.githubusercontent.com/baihesun/RNome_UCSC_hub/main/ucsc_hub/hg38_polyA-RNA/experiments_illumina/polyA_m5C.bigBed	PLACEHOLDER_DOI
polyA_psiU.bed	polyA-RNA_hg38	Illumina	experiment	Individual Illumina experiment — polyA-RNA_hg38 RNA modifications. (PLACEHOLDER)	https://raw.githubusercontent.com/baihesun/RNome_UCSC_hub/main/ucsc_hub/hg38_polyA-RNA/experiments_illumina/polyA_psiU.bigBed	PLACEHOLDER_DOI
Inosine_JACUSA_REDItools.bed	polyA-RNA_hg38	Illumina	experiment	Individual Illumina experiment — polyA-RNA_hg38 RNA modifications. (PLACEHOLDER)	https://raw.githubusercontent.com/baihesun/RNome_UCSC_hub/main/ucsc_hub/hg38_polyA-RNA/experiments_illumina/Inosine_JACUSA_REDItools.bigBed	PLACEHOLDER_DOI
polyA.native_vs_ivt_fisher.filtered.bed	polyA-RNA_hg38	ONT	experiment	Individual ONT experiment — polyA-RNA_hg38 RNA modifications. (PLACEHOLDER)	https://raw.githubusercontent.com/baihesun/RNome_UCSC_hub/main/ucsc_hub/hg38_polyA-RNA/experiments_ont/polyA.native_vs_ivt_fisher.filtered.bigBed	PLACEHOLDER_DOI
tRNA_Illumina.bed	tRNA	Illumina	consensus	Illumina sequencing-based RNA modifications in human transfer RNA.	https://raw.githubusercontent.com/baihesun/RNome_UCSC_hub/main/ucsc_hub/trna/tRNA_Illumina.bigBed	PLACEHOLDER_DOI
tRNA_MS.bed	tRNA	MS	consensus	Mass spectrometry-based RNA modifications in human transfer RNA.	https://raw.githubusercontent.com/baihesun/RNome_UCSC_hub/main/ucsc_hub/trna/tRNA_MS.bigBed	PLACEHOLDER_DOI
combined_YM+TP_bedRmod_RNOME_tRNA_noScoreAndFrequency.bed	tRNA	Illumina	experiment	Individual Illumina experiment — tRNA RNA modifications. (PLACEHOLDER)	https://raw.githubusercontent.com/baihesun/RNome_UCSC_hub/main/ucsc_hub/trna/experiments_illumina/combined_YM+TP_bedRmod_RNOME_tRNA_noScoreAndFrequency.bigBed	PLACEHOLDER_DOI
HRP_C_001_tRNA_003.bed	tRNA	MS	experiment	Individual MS experiment — tRNA RNA modifications. (PLACEHOLDER)	https://raw.githubusercontent.com/baihesun/RNome_UCSC_hub/main/ucsc_hub/trna/experiments_ms/HRP_C_001_tRNA_003.bigBed	PLACEHOLDER_DOI
Kaiser_20260206_tRNA_1000ng_1.bed	tRNA	MS	experiment	Individual MS experiment — tRNA RNA modifications. (PLACEHOLDER)	https://raw.githubusercontent.com/baihesun/RNome_UCSC_hub/main/ucsc_hub/trna/experiments_ms/Kaiser_20260206_tRNA_1000ng_1.bigBed	PLACEHOLDER_DOI
Limbach_group_Proteowizard_convert_tRNA_HRP.bed	tRNA	MS	experiment	Individual MS experiment — tRNA RNA modifications. (PLACEHOLDER)	https://raw.githubusercontent.com/baihesun/RNome_UCSC_hub/main/ucsc_hub/trna/experiments_ms/Limbach_group_Proteowizard_convert_tRNA_HRP.bigBed	PLACEHOLDER_DOI
rRNA_Illumina.bed	rRNA	Illumina	consensus	Illumina sequencing-based RNA modifications in human ribosomal RNA (18S, 28S, 5.8S, 5S).	https://raw.githubusercontent.com/baihesun/RNome_UCSC_hub/main/ucsc_hub/rrna/rRNA_Illumina.bigBed	PLACEHOLDER_DOI
rRNA_ONT.bed	rRNA	ONT	consensus	Oxford Nanopore sequencing-based RNA modifications in human ribosomal RNA (18S, 28S, 5.8S, 5S).	https://raw.githubusercontent.com/baihesun/RNome_UCSC_hub/main/ucsc_hub/rrna/rRNA_ONT.bigBed	PLACEHOLDER_DOI
rRNA_MS.bed	rRNA	MS	consensus	Mass spectrometry-based RNA modifications in human ribosomal RNA (18S, 28S, 5.8S, 5S).	https://raw.githubusercontent.com/baihesun/RNome_UCSC_hub/main/ucsc_hub/rrna/rRNA_MS.bigBed	PLACEHOLDER_DOI
rRNA_Illumina.bed	rRNA	Illumina	experiment	Individual Illumina experiment — rRNA RNA modifications. (PLACEHOLDER)	https://raw.githubusercontent.com/baihesun/RNome_UCSC_hub/main/ucsc_hub/rrna/experiments_illumina/rRNA_Illumina.bigBed	PLACEHOLDER_DOI
rRNA.native_vs_ivt_fisher.filtered.bed	rRNA	ONT	experiment	Individual ONT experiment — rRNA RNA modifications. (PLACEHOLDER)	https://raw.githubusercontent.com/baihesun/RNome_UCSC_hub/main/ucsc_hub/rrna/experiments_ont/rRNA.native_vs_ivt_fisher.filtered.bigBed	PLACEHOLDER_DOI
HRP_C_001_rRNA_001.bed	rRNA	MS	experiment	Individual MS experiment — rRNA RNA modifications. (PLACEHOLDER)	https://raw.githubusercontent.com/baihesun/RNome_UCSC_hub/main/ucsc_hub/rrna/experiments_ms/HRP_C_001_rRNA_001.bigBed	PLACEHOLDER_DOI
HRP_C_002_rRNA_001.bed	rRNA	MS	experiment	Individual MS experiment — rRNA RNA modifications. (PLACEHOLDER)	https://raw.githubusercontent.com/baihesun/RNome_UCSC_hub/main/ucsc_hub/rrna/experiments_ms/HRP_C_002_rRNA_001.bigBed	PLACEHOLDER_DOI
HRP_C_005_rRNA_003+Kaiser_20260213_28S_rRNA_3.5uL.bed	rRNA	MS	experiment	Individual MS experiment — rRNA RNA modifications. (PLACEHOLDER)	https://raw.githubusercontent.com/baihesun/RNome_UCSC_hub/main/ucsc_hub/rrna/experiments_ms/HRP_C_005_rRNA_003+Kaiser_20260213_28S_rRNA_3.5uL.bigBed	PLACEHOLDER_DOI
Limbach_group_Protiowizard_convert_rRNA_T1_G2.bed	rRNA	MS	experiment	Individual MS experiment — rRNA RNA modifications. (PLACEHOLDER)	https://raw.githubusercontent.com/baihesun/RNome_UCSC_hub/main/ucsc_hub/rrna/experiments_ms/Limbach_group_Protiowizard_convert_rRNA_T1_G2.bigBed	PLACEHOLDER_DOI
